vibration_mm_s,temp_c,load_kn,hours
3.5488066200688695,59.33913400818824,77.71133606960598,4891.9706940769465
2.892846750622456,59.069228520737504,110.792049179881,4247.028664332831
2.8324270254964596,59.19469365229909,95.47607945142263,5661.29336600894
2.9908379731866006,50.73638561911404,146.82205090722468,10598.825365286591
3.813074150491826,69.71744760097945,133.69129656850419,1380.4603599969823
3.713490550988243,67.57421464539043,112.44951107583624,6943.3764162294865
3.2629566741904696,67.47726293301442,102.89437893656833,7530.490340569362
3.078580333543574,67.11567064606399,123.40560108778604,8347.608155124266
3.5615055638284336,62.96444723765192,133.55146368741958,11573.247687138406
3.1168867226129118,46.98452981608526,101.94070521212065,10099.872642459319
2.0033269593118974,52.36370709292723,135.62694725199265,4076.02727615636
2.3466989237869895,60.75224398438929,140.79608960467036,5938.813421589501
2.50546842997409,60.240081175751996,113.58512364616408,10568.146459514064
2.116339110281982,53.82173029573267,150.12951058036327,8937.075322113902
2.3615625449427995,55.141627889068126,92.3163397095087,12097.873110594664
2.0613397518763064,46.3823098497892,114.08124886160208,6651.910446732285
1.9871270009692,60.64920766527734,109.25311214263573,3518.195832962436
2.6982595060113397,58.26198685643177,133.50801833397455,4115.265289278874
2.432044330119375,56.74176967016571,138.7942219384624,5812.438920605997
2.543324445003023,51.72978543232954,137.27234505282627,13869.730770864111
1.7766200545558033,49.24652347896571,154.02990619147013,8877.498002501548
3.124421833628057,65.37188655062326,141.56969518485647,9468.479076782234
2.72321463403008,53.970533645129535,129.9516153317624,6199.758804863182
1.6189358495578006,57.672207825023946,124.276147594414,5294.773574037783
2.1096158238359264,64.23232721953562,129.7694241956484,10573.237305558003
3.0292323545013042,59.691181065726326,156.48478924154406,13798.715177484999
2.1061304316952416,65.82901324926362,111.37571504332574,9975.26515961587
2.2450579528959116,70.26813348899381,186.9358530945863,7461.031131215616
3.1796073398406346,59.505964427780846,172.21259024682607,3592.861083417551
3.0725451628866076,52.96143185488006,130.51229669088366,8243.989306455715
2.595886781312167,65.2762593147565,116.6089600368964,10323.739835253684
2.4219899913059137,63.509248980978384,165.974390600539,10319.949384105394
3.077325872165245,61.80717051296668,104.30641805712423,4527.42835665648
3.0698514342284113,55.01878240466394,112.75895087460489,9025.060510946281
2.0384808948880284,63.07609669968517,85.33429223278267,8399.313024791001
2.6606334840919796,60.210154954281684,87.86938218279008,11119.035009139396
2.3025839850928236,49.62543333223806,162.1504957464741,10579.176305355259
2.7586891995065947,58.31290475009347,142.79428936396965,11136.634710740685
2.870458718296414,59.852243126528656,136.01554378733064,6916.414699878329
2.8758611070882085,52.5878691424093,182.78194461419494,6931.379818472772
3.4051159453047846,49.41163432293618,131.49694142989654,5879.874313004821
2.84353123337933,57.84243842466146,104.94079597458389,5803.701982338472
2.4153482876215624,55.677837910482864,74.55011591121547,9693.106760449988
2.059206959054585,59.91898421114024,124.34251601013813,5652.860575366271
1.8725328296545698,59.39729582167121,94.31353558602156,8856.358913805887
2.956341359317686,51.3197940855275,119.12659114885975,8726.357789797234
2.5860860922705347,55.7266490485141,140.65438156733381,9711.006179394868
2.696740212203825,67.36052288272667,144.61099557306457,5500.512532353168
2.158595407020286,62.78903384558683,102.81434695298624,7995.716095160374
2.5237596904648036,55.16296053976799,101.6138924880715,7723.082861568318
2.181138780109093,53.22377774833535,114.34675974743836,5619.036771294897
2.1759310064058304,61.31000182986993,131.09181664455718,11024.77915760834
2.493464929114197,59.08466755818162,105.3691150765603,4823.932122422484
1.869997901310847,50.29357903886892,121.97126121657882,13661.474138580288
2.395857298709674,63.914546754542435,124.03488736201062,11390.644419562164
4.7462257173342275,61.16341373453735,161.47486656909766,11179.105230558442
2.855736199329055,58.420863381417,93.6943424693256,10960.86231104031
2.7942782528634202,54.91824806475516,121.42842489578825,4327.44489556597
2.7674595802168738,58.391415326059395,103.53219275869141,7476.320930950562
2.5691476941705127,51.50216677281475,110.6490813329419,6971.880987858766
1.7153152489831724,63.605291734356975,115.86044147907546,6647.027769835535
2.154980741929463,59.62028643792402,95.51741708840403,166.80851277108476
2.9161798159065673,58.49335713271069,149.47102449232366,8637.694043479572
2.083110213112428,55.293741767543935,123.8260940925395,6395.723443165241
2.4264640813046396,62.500546718186435,132.0103808134947,9342.537003609274
2.341346358667236,51.36824290901189,102.86515745395752,7470.614080974743
1.4959605945221075,60.480609755041804,97.47964794016849,4626.742499483482
2.4838467578956585,74.15654489838874,109.4960290810447,8104.972693171247
3.016448103292777,72.40617022728493,141.8229786012551,5712.967874302316
2.7531389031561444,56.111229775468594,115.87658234983823,9504.951167240779
2.555081548563803,56.73306159255345,88.38611580084381,4187.620019963014
1.6445842794872838,52.31581408834805,113.11581396564225,9328.486316731976
1.5682784363706288,44.24061185013857,134.4095281237612,13814.74096176279
3.0080174680482066,63.13165161628826,72.65675543236166,10361.192262796005
3.871533158616801,57.39294524173429,151.93305897410988,10383.30863269352
2.671304008153001,60.215375988434594,76.32295336580123,11061.247115690001
2.529595971496972,63.404851689441,123.186944382396,10848.443212332282
3.0607793249642667,64.21261841467,95.09313324462448,8992.354223322673
2.960992973714855,62.80192133100375,118.5054947631467,10767.172822839324
2.2289941107472893,60.06382308827745,130.95191934672832,6790.045652724852
2.3345592565907944,65.28633008109215,101.50375438548222,1953.5138381008057
2.4455371545287394,57.615826314887904,101.84346499729337,7763.7328420052245
3.1626303059591825,54.72480359265369,117.58446723900946,3994.0264170743417
2.881868812947146,54.24788901550285,181.12917938538433,10084.108707737565
2.2592671524450196,58.88394618594511,95.50753936386725,9935.267934807594
2.8266052693781187,58.583744044395885,68.44206380133856,10582.389384399587
4.0016748085516785,64.86023016926417,104.36238843031782,7330.454983051675
3.75313734644927,61.97224529384977,118.26563704366421,10246.344914639047
3.3565082532350687,61.52478230196017,107.23219762033983,5214.050834145543
3.3055979023961597,56.098801871176455,90.71272933190082,10215.743142728083
2.780916953639091,57.96945067673293,84.78948277875196,3491.446045795963
2.981123661942224,62.608917870419056,166.18523262109795,6094.178914123596
1.71373309622337,49.94216368925705,108.1062557628841,17041.182905590165
1.9761667430367944,58.82574313980732,139.28038433932065,11244.427909857079
3.9486638963945984,48.977332350323316,74.51519834296275,10710.860569170296
2.7237687246113675,52.005321348760674,177.97962343339475,12201.988347459885
1.9546808574906236,51.043702634893016,133.24655740047888,11172.649831968229
3.071408343127278,59.59417258888586,106.51117147518458,5805.795704264457
2.956966695037275,48.37733933750455,174.09627582158964,966.5191296975993
3.536795660589536,56.072184371626534,81.53443977481297,5337.806760524166
1.718654127527116,59.23775494036137,146.15833412454546,4857.733903596014
3.3561143887765197,57.896904577237954,111.27224394972387,11337.015140234029
3.195210611557824,46.38981920628751,126.49763102556412,8333.656077347378
1.5501408477922638,62.665436673699865,114.17861118069014,7832.110183018255
3.415113539755303,65.04363046343067,93.33681322426449,7702.330546766499
3.2708846760989787,58.15268999851259,142.56653468493178,11887.1206311547
2.4123971400701882,61.780803055079176,64.00780950441539,13690.705262458054
2.741337001372077,63.420641998177786,130.2273991510506,15983.617841598398
3.1642975509605153,60.96699838424994,100.93455417331565,6788.881266193216
3.5689155770041276,51.9752136951362,143.5532035183648,3047.024963035799
3.068534988849274,62.153166252967154,133.85679405391912,9102.883345040003
2.628652597107034,58.59609331713675,158.84534836007643,9359.420545539278
3.3016787909907706,69.86898954154323,113.75482498860623,5381.24945727958
3.2616352446032,59.75466643044034,107.94496594158743,11115.01601573755
2.556779245869757,55.235790833210885,124.95848087388369,13030.702747045203
2.494610577524009,53.66176910934952,108.99631153659514,6785.009600480718
3.5323589579713923,58.792196739628565,103.49552878359032,7350.029549608284
2.0524845402673684,46.37790838962284,84.20311989550252,7862.553001659919
2.84601855333112,49.86853906673762,166.61143441498734,10610.943799309438
1.9547922366191066,64.71704204813314,109.78480963718127,10579.484172434693
1.4912887402862345,65.69178587668937,182.2120117939937,5306.719013073791
2.9841105364010465,63.7180406758858,90.29885156818142,4282.542197409071
1.982813519970961,58.35733221884809,132.16752453668704,8752.559702511884
3.4881706917238615,65.60622067323786,75.24815973848959,9616.228984215059
2.983940782817609,55.873639581503724,95.22611940133034,3428.1299008301116
2.6254142156588225,50.94426429339786,154.58902613138247,5753.86275328818
2.212465581294626,60.025928016555014,102.955633906574,9293.353603221485
2.733694742568109,69.1771700624585,140.35611340193,8118.127288288645
2.515621345998895,63.698619876621365,122.5971393450289,2422.1625147982686
2.5771841498630215,47.737333327146104,161.08942097169412,9314.737279945633
3.283234854948716,49.0983970885182,151.93981234805372,10261.634977039026
2.1349505834524622,53.987217246229044,89.50578685564295,10678.773691644847
2.7204357507163515,51.85759364555088,123.48521454032264,3210.53648405649
3.4422812678815484,65.2225104791024,157.104443691193,12354.054014016265
4.330704975182796,55.91586902410157,129.71891103633027,7292.407585510046
1.4005923934249829,61.29255315305918,72.6575381379189,11131.201437134225
3.5571650384139697,59.23108088468201,107.15423115677983,7196.100047740583
3.156838857709449,64.43395601969887,103.91048925982196,5913.511412335624
2.0847073400689125,60.51552900526558,130.10899375014975,5525.420134630306
3.2438650823954918,56.101417733404375,95.54932929932367,5702.172590752819
1.7021455291482712,66.74826200586615,149.5717707273501,5528.992550512638
2.5655124665340927,53.557357629378174,122.93952439324838,5626.87201713512
2.93687207347506,56.019610750579886,62.263391841713805,11791.988680424633
3.242241588411006,70.72969934601723,125.28693271612472,4965.422047938522
1.6168803114132746,57.966061777601155,139.58965361684307,7003.152505257553
1.8747484228873204,66.57814720798301,144.90207578594828,11670.754822866773
1.8492060371097552,66.3047379646219,126.83298319030621,3139.59394070838
3.010868752414411,61.00413315553431,68.55998978860922,8539.979242944677
2.714337961878909,62.01174781956091,89.96282435246613,13089.136752820621
3.1469179804902994,64.7149861627929,148.08739261802586,14856.00376828496
3.232429127156266,59.515715337896864,89.65399313991509,4157.665685110414
2.219018711999883,60.812021947577335,116.04674441123011,6128.878663197501
2.2250314387872225,50.38864230045812,84.97049568764491,4235.889199520312
3.212930846871631,60.61383417556469,129.80756630624788,9096.085750274473
1.748573611677486,57.127292033995175,132.8099877856426,6635.344570618591
1.7786711163047702,54.316028125622985,128.69942830516504,4680.283671318386
2.743485018549062,46.77462162380005,105.05667335632384,11989.567994500321
3.2731806109618713,66.74610749689872,93.50629980306078,10633.628338923565
1.3620417000391583,63.43164762185089,111.64953648634159,5648.829464272017
1.6436894866313934,50.5633802808484,148.02524325577122,12058.786350138023
2.376049270931621,61.1090904456114,152.10126453839501,3638.5790947109294
1.8709634705672364,61.14623573076247,105.72407670865682,11738.596065185095
2.48211308907249,66.2736370076859,112.50545174421819,8206.384244175353
2.6744424330668393,57.75394676030037,160.45591221247045,9168.219444606591
3.4002635386407163,50.3152403496319,138.0551202930774,7466.659386287687
2.335705546337034,55.207985651060014,140.72186930994658,7188.318211560629
0.5229714030112398,52.795471322184994,102.50295650138628,10935.5041621227
3.029186195435606,58.49477985302802,151.71917276705653,10936.73681201706
2.433809012285818,60.14349983939662,132.34649897228394,11136.571824007347
1.95152431650336,50.53304995588404,69.72051679543534,2474.76873775981
2.33587827941433,61.07363892069229,112.94726825163508,13309.415862470361
1.576353652391365,61.13156915239466,158.44188799423083,5655.1310711604165
1.5572482239322418,70.96647757970774,81.02290904895827,12498.872385902709
1.5646035163602272,54.52414387864215,104.90528742225234,14020.044972557915
1.268855291136804,50.34169512026146,119.63744664592426,9566.370494067995
1.8831723909389697,56.21227567030583,100.53256326423632,9960.722493407924
3.1226163991835283,70.75220616422877,115.26182940994393,9196.81341742408
1.1883375168367285,60.17452698577557,137.23375612663207,10215.373078356257
3.0509333662327824,58.46080602062546,56.85525631748473,14439.997832828301
1.8786636848833094,57.04237426425433,114.99895766493894,10855.510871767443
2.1928514145133478,58.0109581353485,110.69871880205172,5069.049512680385
2.1518163162267383,55.2675694524738,110.44770993477809,7727.826390621325
1.943782590220239,60.01265278302288,153.5683948530229,10482.939674996975
2.2930731874304904,57.15466264691937,113.0433798156533,6567.15602969102
3.1480875162760102,57.44964112647164,135.1485129297944,6516.338101677315
3.506191173608782,62.02585230552051,62.17279097690878,4881.761070742044
2.753150192254662,51.67340456051235,100.3888716344644,12690.60755273279
2.2772714794501643,52.85993209624936,113.50323841362437,10267.170952954273
2.4191318281070577,61.68328769223592,172.1837933488679,9935.732850632774
3.55652442938478,53.20890314273808,154.48065643385866,8007.346665916664
2.8398840987519756,51.02034873308173,134.37399292915796,5122.554731009834
3.689954568970139,60.92100185222575,150.27706746576547,8243.248313805136
3.9721808215149754,74.45136407492322,105.56030151729452,9323.379383071759
1.1781116908656373,52.62934345951398,100.07543955935387,10002.071027857695
3.2701699247893523,47.756966241582866,121.43427277752541,6572.622926354024
2.532860669206879,59.7759589629434,113.6762038925161,4845.856409911888
2.2425642724713115,66.78457119215176,105.20743904642666,8425.765110273644
1.2455282543732051,59.736639721003556,156.45613362737998,9385.64517515056
1.897508299605502,56.55142019804372,105.42100479676634,13958.399090752238
2.038398718242483,57.59056025316412,72.94035246993232,10401.039967846174
2.7005691422990377,60.13044329693566,97.90459943616642,4253.8270856139
3.458928650440278,61.81929781476466,111.25993807491378,7772.459042887077
2.4381418451554526,67.29885739360869,88.99722076379842,6346.343520925037
3.743283691240895,61.138025046411244,149.3230874238208,7040.1280363151345
2.08124364742069,62.845073052217735,131.67873252734333,9670.56227213062
1.7866886859157969,52.57560757498999,155.45049450207438,3716.939576884872
3.136982980270768,54.054715741115764,124.65829334516536,8085.464182278895
3.0075440940011995,49.11228942347994,149.7320962748993,7540.045068187141
2.539326499863504,52.46414032152255,97.24559511188795,11687.524467208115
1.9615301663716531,63.111786284430885,137.43413942266795,7075.260059623607
2.831781213338754,54.25471547670218,91.19449454214408,2871.1497079449387
2.593098743057017,68.08085773317939,97.75219231517084,6923.998942043419
1.0833481421396574,60.20590541187475,162.82270909217968,6773.009983633935
2.446845835247218,54.03990127854685,80.05335280998466,11745.607350953584
2.358029229374875,58.92592249456895,122.4360510244164,6900.688049268305
2.0373877060355263,59.190636187730355,152.46885617373718,2977.800404389121
2.036986048302301,61.09497541449998,134.82627033753738,9414.266962892414
2.1267987920646707,61.937623554541474,123.52916678678571,8738.227043939267
2.9656251905247752,63.57595569956584,148.10791628149698,3357.7683623259063
1.772821917019476,54.59775123705566,106.7329656326327,9720.831281289526
2.7058926552930145,55.53394777741727,112.63878435545364,5002.270121150357
3.078697906388415,52.51749363115961,143.76559777442515,7010.931576072703
2.600622037501345,45.89871899375296,112.98293482580002,8076.523660587031
4.3866968177597565,62.691816120253925,99.1615007793843,8492.752953406392
2.8953786463446387,63.47577054114205,132.16962984011505,10423.110308866047
1.461461807116262,60.75735364650348,165.58424730974696,7187.447764987378
3.632375856460837,50.63833352713735,128.8540609424122,2510.6063281360057
2.681242471401712,52.082532902162676,134.05891317148436,12259.90037613662
3.8786856681340818,58.81115015086624,140.0973139417944,10175.438523437535
1.6611462001463317,68.29189524697357,125.34740570259567,10233.808494722643
3.5806218003839656,48.724383434588795,146.5004109815542,9004.689772283207
2.2276406942959492,60.67768764585833,137.72979902353907,3708.6466139740164
2.9687290356164993,64.01254132691722,142.7318791117996,11852.225328157903
2.46190402987171,54.06396983959746,108.46852567396937,1206.8321831925557
3.006816068688964,57.208874389713706,106.47353812407881,5696.183453679474
2.527746745999435,57.23457829647454,118.31614731962001,6312.417970437628
2.65291552752002,67.53101960783685,88.9066074190819,9169.05100298345
2.3803704437445012,65.30025185086403,119.35302413714199,12595.114873470215
1.2819643742550264,55.041942299029145,111.36069334696849,9297.512733397236
3.3581374500747723,63.38461000958359,107.30951724839841,6218.161373185974
3.2465263253948025,62.26170413299215,87.83527724992447,9376.865422162777
3.832467107895186,57.615891337316114,116.56247714431248,6117.66923956949
1.9337289645861846,60.280269940064805,111.4269808396568,10128.159148857643
2.4023584091671313,57.991772814935935,80.37270678065545,9700.291530253364
2.3617829107736537,48.949406972466484,135.13634452400117,11767.765291720372
0.5503368792021333,55.222280499163546,96.76508741566423,12525.304236288039
0.9047168895981536,54.6529817865256,106.06792925150364,6684.009757525211
2.680963278964838,62.886811963690256,132.1151568064951,4165.852942726722
2.490888596374296,53.20249919315372,97.78368132662806,14014.63967699264
1.5590489912272214,63.926475904094495,126.69662453875787,7494.878559032222
0.8415105886420184,58.802911937939804,132.71254821155847,7327.96862354523
2.206909602762569,59.3212205663183,110.72072581671317,6947.920439828105
3.7084310151614854,51.29565687156759,66.59124207320455,9657.959204161632
3.5659775414130435,51.19530811096372,159.03630123043575,12733.756065326643
1.9062329524403079,45.01766499849377,92.27959498181792,7828.949827601418
3.1948485295329156,57.10715992802123,139.22842755810893,9075.606633518966
2.513320535503255,65.9691071286745,191.02894484372598,9529.627260655683
2.197500923114471,49.61567802087117,128.1365854490367,5913.718410951903
1.6084574435101706,59.95681871195761,107.23838840402613,9328.351849835228
2.805829500082486,65.17122233391535,108.03899171435758,11905.72198165294
2.189358382088408,65.43103468744707,119.12585646070335,13460.741971059186
2.1343637285593706,59.70448835965631,142.40073496628145,9420.869902294155
2.339087950496513,54.8241544380895,73.2461340944989,2471.847272894105
3.0222966713356825,66.82236113496856,121.08973157957026,11387.624672758806
2.633370911848176,55.6670949501647,166.13760504703524,3573.4127641752107
1.7142049702677633,51.772339755661314,141.63032874517873,4674.615464497017
2.37213727891972,51.300198398879104,116.85495066620474,7157.87916629318
2.8765854421274057,62.8114759675346,98.89677352296316,4477.833049907611
2.8094019574406373,54.4160975094648,138.8082833433154,7654.251582108093
1.838251789616632,67.5425979010312,132.93290163413516,5294.8315819414765
3.6555366390429977,50.93148646173089,107.428255180524,4187.777474878335
2.5336426224843103,56.42092875446756,108.29300652496985,6347.057844241002
2.2577216553105686,51.25611495060489,87.33348238581443,7577.09130312186
3.828564109569368,53.71704990821679,82.74455381015197,10260.746206585658
1.8966489467049041,65.9236173796248,161.8715056943594,13155.4521220965
2.7065058325181446,55.70980508823547,69.56077528662716,10402.755516429064
2.3967199439489315,48.54069885689829,66.17475493152753,11656.536421750463
3.2355845374975067,61.511708224518586,120.26095863798407,4789.946309891571
2.674566643943421,55.74425633379016,131.22137563400221,8606.787029800616
3.0104360970719104,53.195400706843614,67.42334343943068,8415.740883403672
2.981515737199157,52.51884325952216,120.52595205944165,8119.838708499928
1.9934448499061714,62.50791256684459,93.48346237985258,12943.444624811038
0.7401385368883887,68.09542166064811,131.1748306350169,10577.760705071036
2.018473630201964,64.57147970022744,120.09235092038791,9623.41702875954
1.7434774955040107,63.491783221086415,126.76963432400048,9448.628187711472
2.8551971406784267,61.04906733187518,107.15011339485474,5240.136264563031
3.0464987013596025,56.34718902367906,128.9882714165055,9782.757924172682
1.7459955461408307,65.40761363201914,81.22032944190013,10829.885673028944
2.837855600191837,55.1211283991833,98.70635469721665,7162.57924826964
3.1340431834504208,66.54049525057577,71.68268627585562,8891.86826705429
1.4196932241369002,55.38350692018608,79.09072616441176,7747.08555410004
2.6863649063033277,56.434365475720384,105.11239344941539,10450.186041724082
2.3749167848999515,72.50147601899302,110.8091829229817,7287.09334269948
2.220295325095541,54.53862473772783,120.30798014070429,6540.401022564502
3.965857554420414,56.865720555002035,115.58447778819283,6046.430590240534
2.042093532439509,54.39665088927195,134.13736171233995,8153.241770839063
3.869506119926581,65.35896839565913,113.16644358614906,6717.109451186518
1.690518090908455,63.77601025261491,127.41710216315481,9085.669193489395
1.780628434114622,61.092383942062426,162.29465873093997,10677.021634049312
0.5447681877880214,61.20669924143298,128.84575920094164,8386.24423549615
2.4568342581202374,57.15227814844482,130.99263361135147,10442.180563825039
0.9475952169885454,56.539876815817934,122.4010278092291,11068.644452005023
1.8476459533437235,67.655421180482,120.96891829678997,11946.758962336296
3.2931610676056042,61.32638147004904,114.691938766525,11348.49456375528
2.3659671807931786,57.08057043656302,141.59127161359973,9236.068487929826
1.9980512764776177,59.754156729698025,92.89271827947354,10040.607061426568
2.247060526556006,46.88558162159653,145.29157988182325,11239.66148676447
3.7632100173031757,56.224422283465,130.55855138789923,6608.669810609444
1.8427736353457191,62.503803824284326,128.53369883566378,11791.933050780168
3.5946874156183415,58.52277821154036,103.71667214664313,6322.804216771482
2.8319409244655795,52.670239551103066,116.87202066139612,12495.191463724163
2.8302787406221417,55.80612332799682,107.51401247966895,6706.842273632582
3.095568866427196,57.15392969646381,104.76143674906709,6925.994649732436
2.9960724927796654,70.34928408339375,86.20733050975669,4709.621803774225
1.7473094358742285,48.924982612778784,110.63506249915393,2444.1317574177524
2.83773400577405,53.40830054831746,140.98590957586038,4960.315156522231
2.7878919557962405,50.567354042098984,105.48053798633133,7523.254504019966
2.1567641368654416,57.69086088858878,133.47569575043718,2152.4657879495053
3.1374523947412807,53.501467293325646,109.56785384348035,11127.806211810126
1.2577751695804542,49.59244894700288,129.68555459323122,4534.436484122364
2.7156743270190637,64.05760525493051,108.32585188382139,13910.114302142136
2.8596627845660874,56.11283161033202,148.0057587020453,5785.8056414896955
1.8479445992400958,55.808445219341934,107.2262312342454,8898.14650451432
2.0789475793484007,56.18246425939058,136.26981498068938,12358.584624292143
3.1830261145525847,55.62304719667822,128.74865147859276,11129.439562017344
2.748902842388047,72.93887267648877,122.44991699240845,4738.16894787196
3.1397345285317844,54.04603591840454,137.29569562490335,5842.51618414742
3.5956649536739125,54.74443369289696,94.27328695018531,4262.056546816023
4.268514560463881,60.184453456428926,136.85739270197678,7298.709582438292
1.9006808676732205,51.20159291315307,88.43053753803487,5676.4622010936855
3.3705138665173564,57.8304210268695,102.20682629386064,14013.078019999573
2.569158614950176,55.61922440718257,108.62554167390941,4929.8846803815995
2.410170140093961,62.770946942920055,138.01434766745393,6127.8457280004395
2.7974516132549554,54.93819205798884,112.90939460675597,9067.638210222523
1.8698484084030647,52.40475884879306,151.9367773140395,8316.484774481727
2.39540196116609,47.9179979357411,147.78131116273107,5791.902109709061
3.2953353431147554,56.8871302054911,112.8773353757417,7254.215536717575
2.822404170399158,53.79121062151759,127.27683036074383,5545.855759410156
1.788143004895789,56.76809939103933,119.48560168224759,9774.301987700212
2.3802540298245005,55.819443706721465,128.89192780510442,7191.186818211366
2.741480076530772,52.052431415707034,95.45451592311923,10269.64856219525
3.7823752167105713,62.314005814275504,90.48879521947075,2363.279400677383
3.1317306044915734,52.03455970129553,113.99379483954326,4394.864396493188
2.888141375461893,61.30319209760318,116.36637746397656,12451.311481368279
1.7920800015911784,56.45613645073764,109.09169060059035,13881.276485491288
1.6040807620392106,59.92145922836533,116.49833196948329,3831.4250573650484
1.9253020384874784,58.79517672911849,173.1005224583243,5344.6406858279115
3.2927991233000635,48.18934418751599,65.08669464178162,11315.291817672693
2.3905662060130837,64.62587558490287,130.01831486890592,10973.940107593775
2.1726593477540104,44.400876220403745,125.04260547105292,8726.578374746001
3.817557513991094,46.24071025184312,121.43071298437597,4860.37670777434
3.074627808986798,60.36805253771696,114.9219145912829,4321.994828498051
1.293995395619958,53.241357599140755,168.67289982070355,3994.382124239404
3.0676793951787267,59.848691202129984,114.3498251605392,3396.1031276616027
2.2916722565908167,51.550036124465564,125.3551928453487,10745.035726298354
3.0061990917070154,57.44910099103593,111.90933687703024,12249.278891635258
2.219201308717549,73.94965959468831,94.58282884943925,8288.985904211262
2.867930012189533,65.95235017389886,114.60220604016467,9155.561725028543
3.1174246609780853,59.906148554469155,106.70669784550424,7912.7277916988205
3.0859203556949057,57.24652284960365,112.95985726454343,8301.155880933535
3.460650603003187,66.23264292651977,183.97806637070406,6604.255378752931
2.9829669629375335,48.740667371434434,91.6491882307471,7115.820544927799
1.6756983209906948,61.66695933429052,126.69989989763025,12486.910057572788
2.805249598106669,45.85006111887298,136.94711791725578,7212.141380701724
2.8109045235874923,57.9017492125564,94.40608489881363,5912.3750824681865
2.596882106815942,62.43830160016578,112.1299906664004,9898.19536542083
1.741882106343792,57.41443748997356,90.1747822765706,8042.322761336883
3.420715859142426,50.248968972137234,134.92162042801135,8014.853244632744
2.4627412192014417,50.82548095907451,134.46535657033354,5853.216567036244
2.3988286045339335,71.53038599323165,134.2428098572638,11100.628201659572
3.783398051737578,63.21814795747217,99.57653186185173,6671.88768786101
3.562811718169621,62.738868709233095,177.67456484468485,11260.1568594765
2.6543006935451676,54.614861972966885,134.53993442479086,7949.814695392101
3.6149781463393795,53.60710472597679,138.2724863280739,13574.728611796754
3.4626123817529844,60.32244943103527,113.20906658823287,8037.306213063312
1.3815557168827561,56.21264925493432,118.49476992820688,7762.461769872179
2.2033889294863656,47.711754237898305,140.0066310320587,10875.773104360873
2.4505187603419096,56.68675901822246,95.28815902317714,2105.698527085793
1.6630972363662018,50.242949451600154,104.8923847179793,11913.434349734285
2.520314555432683,58.76790695208793,137.13656072283356,8484.696742401895
3.581585378740766,62.979562625497294,92.17504396398469,10068.872100583576
2.476900292007539,60.16652011066523,110.32235905600687,8538.867134862134
1.7844158990695,52.923758739046,103.44236195136585,4557.161722336422
2.888839148643496,48.39816855969583,104.11384825568541,10737.548394176156
3.3629318688741017,52.772532422895175,120.00669310949989,7886.940840886957
3.453548212112844,59.95648228473656,111.81331889452046,12097.371110836719
3.4324080887419237,57.35391961999856,136.47273294248035,5588.0613763732645
3.266988477626582,52.159962807998276,96.11403555973045,9967.1063094243
2.8608719927904875,51.852727612481665,78.69838814504874,7870.28939924288
1.9994515298264623,70.77943637039719,127.8424790449526,4378.354145286236
2.210457812004723,54.68658276559178,113.30030570154052,6823.108117343599
3.1797851218928197,46.47559919715192,157.50897434688304,10205.29119282812
2.707318608685506,65.24862058964403,96.0348383415954,6187.222170322417
2.85056843434921,60.70619775501496,121.08156497954114,14108.243608031627
2.857226344021929,53.08048857498471,155.62533764830522,4165.84904397316
3.0523698940005284,51.820194582190005,104.62470214447926,7009.565781824487
2.1008244232841293,68.12258754202327,74.55216938107344,5072.298777133043
1.9287464045440448,65.33538719404484,109.21515479968089,7649.776715979545
2.0772526811650796,53.99025452939034,126.31673396900334,5219.213414892899
1.4961870726591173,55.56751972897671,141.5257655846129,12366.508107736681
2.637340628994714,72.21498311794119,145.25126274712326,8708.125363498157
2.510025735939176,47.82953789183923,135.67815404646024,10236.028381918664
2.575677014661929,59.27805340026399,136.72507260676622,7372.004299988158
2.0717759461180485,62.92001623422164,147.09415180563366,11003.427796731412
2.5645771558220605,57.47009184422792,106.02062572741245,6552.991184860431
2.4369364524171178,68.75328278411223,144.13398113439516,11802.459834281171
1.3797633641261975,67.89436743794819,110.54399448387385,4793.940378335995
2.110023420380673,56.454463095162424,62.106251001026166,8341.466980486346
1.7908442824161876,53.35579794053715,108.87078434037115,10785.75690136624
4.2741791748005085,57.047815054977534,123.36734901700405,7191.876480710294
3.1906128636122877,63.523039048678406,151.8087671811447,6125.1274121446495
4.018745366670235,62.03487335270943,133.67820146864514,9128.5293466651
2.242066312737034,59.844688177210735,109.39053528853158,8174.165872644952
2.4045939461725654,53.28057156471567,148.14575674531136,11761.979464977483
2.9340250045397522,57.005687632587964,144.90263258462136,7203.53502203616
2.2828478894319,64.36890132195535,123.29992474602759,10950.066680559275
3.317977436922162,54.837046359239416,99.87672199860002,7652.641642281447
4.217254440757122,50.7624306721225,140.24239529818084,12503.143647789908
3.0433468359774407,59.754718396732365,120.21388011527992,7574.391291137218
3.228092346098409,56.61393668051492,130.79027261909627,15047.583342526095
3.3107288971821283,55.970768353131625,121.27596642941336,6025.360182353878
0.8178667797437453,59.762937659042834,132.27704894103863,8350.030999663448
2.0466186332324874,55.935954700847,116.28597724922913,10722.58338245617
2.548150377576883,63.86373653098139,101.13649355203607,11174.74084880532
3.1388745959245585,60.51223492415127,134.01805974739204,5850.77161373641
3.056407604468615,57.68478670674315,90.29261862910985,7343.1426297799835
3.799443621951092,55.93868248955006,147.6005495545922,4290.417903082011
2.2282761991943802,54.16971729015363,180.06614421821237,12119.34854844191
2.8235899541766667,64.27588644318688,144.97764753935053,12613.533233220274
1.9304880422828123,60.01435255053835,80.08844143132167,6027.76152120927
3.3940501855662797,51.06621138985889,130.9320119923467,2967.011836874992
2.5879269993905103,69.70325797803935,144.03403567575438,10876.42857308374
2.266443098734331,50.35636366605953,151.85976791003793,10373.793608843567
2.3757462311340154,67.40034442058766,131.5511908803145,12398.369649867465
2.453577097589801,64.78444715278508,118.29781287680777,9067.195643853958
2.9243312374449135,56.422135207319556,107.95469811026227,10866.697052871568
2.9306852478709575,55.37842623882562,114.69172449136977,7058.805391822985
2.6950115138469943,57.793209192305845,132.9963989034024,6841.792308242875
2.8126787915194553,47.59058726905825,133.8415962802063,8194.874171060803
3.1395461636232977,71.34481454729193,122.48633937594498,7052.548094769879
1.8004047303576565,65.60422727928244,127.25830939153518,9708.511424684451
3.8044862947194455,49.48675412288204,128.81691454558418,6702.118434046478
2.9084947213344927,57.877302272184444,124.37507481644234,1466.5216025636134
2.3487275473068716,58.28235552941214,129.32238298022267,5260.135613884524
1.8248812180766534,50.87812962833608,139.90170172369926,4826.563274378707
2.764966248677744,61.16192807609539,150.26275282478636,8844.0743999931
3.4881121008937677,50.33748867639989,162.67950393860525,5831.61192078198
1.6341717618644467,54.98051066603059,104.74988564836795,10787.227449019494
2.589034637483496,57.23238990326865,121.34533150690416,5864.771701508615
3.8611444089062874,64.2111279445491,125.12793518428157,10950.403574524275
2.087412851707584,56.871898092742136,110.30559254172717,8912.103984682777
3.9176367807587114,62.2747173107785,125.32315053555287,6358.5178783969795
3.1280700049579186,44.963844315926835,132.4818627416344,5542.594625311813
2.4661063348989076,51.35870252572507,131.62229658337841,4494.890856523506
2.1473035111258065,63.20366194340262,111.9791411889508,9579.707809579964
1.335707165731961,62.111755599101315,58.67648371641125,5079.281528312111
2.662339227117454,59.09289704127005,134.79475379123673,7943.2837650193815
2.252862490090494,53.489646059992225,105.62971101581009,10072.544184270891
2.4390472628776796,55.42093757633344,83.76993829019908,10375.109302992065
2.900904586375561,53.38667950380114,161.39386125594635,5041.456778325133
3.0482958553102977,66.08684186383599,108.6676230889851,5883.267529383372
1.3988378337691758,60.47875367480316,129.32872704282312,12516.096659316085
2.8428669499916537,57.76143957103206,105.17315775856885,3553.0927188656174
3.0213714624444976,58.44916013676122,90.39064924275444,6175.689948247495
2.72287703999735,45.20434401801368,109.20960672826253,7657.974832354499
2.494433569100693,58.02839478644054,110.65051842376269,6789.711231192198
2.1154185712923477,50.33089165732391,120.95638273494733,14837.76867928266
1.5330961454482959,48.93225038714195,186.8861479921689,13946.100303114325
2.673430082007128,55.81519143781167,100.43044598002359,4393.931711836434
2.380766926129086,54.174727625369,123.40080985957884,9733.484126216828
1.6169700174158201,51.14954948266208,165.31437963907516,8471.435954308143
3.3468544069036255,61.9663051307333,99.37672095867974,7948.591192864305
2.7026415761515263,65.75006600865493,118.45340461790916,7945.647975592823
2.9793571282676283,56.29354503618842,121.49924894626666,6865.451097950272
2.800868875970643,44.52321067626585,177.9709284713386,5618.976524574176
1.9170920185802394,54.39171176108017,166.9796214466328,9795.379106990395
3.205168392788528,72.27569565156452,119.0467453962894,6571.575236797071
2.258947290502716,49.58688009100646,149.97992227327336,4934.514768855077
1.9950599915445018,59.20190899332435,150.10944719942574,3004.0951458792388
2.151149154336193,53.07561163440335,114.16530471947434,6409.330193899159
3.1982089643973857,52.4275342858866,120.15684376187173,10810.225260913465
2.7541365864290346,66.22153703695886,130.2426153237484,7373.900125322788
3.2136197853809936,46.22078950901498,79.76172695914822,4018.951062079319
2.8986168185771155,55.44301274393766,186.2800500567213,13525.838889127945
3.0354876551240477,60.93172014688336,132.2910104130892,10549.609691045098
2.115173211969923,54.45946367728738,119.6041159608059,6118.963199493412
2.211511832298321,44.598531079713055,121.24113345790286,11145.185192263743
3.999652674731491,45.53159107400677,96.61036478473243,4214.055850296423
1.8739811680379241,56.391169896058486,107.69195879748308,12378.977846797847
1.691845307560074,62.26174555656287,138.45221203784803,6452.452278867096
2.335668533095445,71.32761671104795,109.65665570450173,9139.494731403638
2.0679588469548964,54.592921116783884,100.15254557947243,5970.987250638657
1.4763954221804207,63.59743136499587,146.94319644717513,7737.605234534301
2.387244533762528,57.618507142450895,121.10412002360603,3833.851818777167
2.358501033139949,54.001022906646384,93.96691780244416,4697.023322081997
2.597585102044039,51.25589599750862,112.7627735879785,5860.726333001907
4.081857438821113,52.79630993130375,69.28466705790954,10288.162452446662
2.9718758509453327,48.662930866380364,107.80059108767182,7159.114437592717
3.168275112817991,53.521899400334426,69.77965659644525,3935.744474317644
3.24237074122286,48.10562221731939,148.3184738649524,9260.153225585438
2.6279008923302656,57.76248222632205,132.64246277477773,8890.448537094058
3.395028432114746,47.1235456255469,110.00295232150528,11665.013832259001
2.6659079093379328,53.05259270811736,88.56902207869285,7246.10363054606
2.1892820586928328,57.47093513663817,107.32581290503046,6424.697976935727
2.4624909096269265,62.24301179461391,129.93034067239236,4057.553472899075
3.084619736252522,59.11950314241792,105.90037375336489,5979.050321485655
2.4844112702466936,63.68643650042134,98.34580819939339,7529.558765903211
1.8791368933919756,55.411683808949206,152.11282277116166,8491.353625751572
3.3326075773549473,61.21992318587918,113.28442904844285,9013.273396521661
3.409485617503812,60.25188585880177,94.12913533125008,13939.647767355227
2.1071023064038834,42.465518231018265,116.20053187143205,10310.159742285092
2.6857808668752283,60.306686222441066,114.310910883383,7073.1720131923885
2.6387554824394877,54.68961149685327,91.96625271209923,7218.733307074975
3.572285982386816,70.10252744912398,115.66190784998525,7378.249894323933
3.566943534543845,56.22400546159305,129.84105900730512,5818.657336606578
2.622055304354205,54.71282196466901,157.8975573498872,8608.621767223729
2.8147427124317934,64.46609488656796,125.28420630596672,8763.154279701657
2.405642430112899,59.65130318393347,166.46153651168672,8120.726317033676
2.20201538209665,47.86902872869905,106.26242512016593,8840.868429091375
2.665291688485269,54.74516292981081,156.7122437798244,10303.587083858692
1.9724316497995604,57.36816049209523,77.46746582384901,8854.774506214317
1.8262430249116124,66.9597012483521,109.68759056657119,10909.84283724274
2.2679669092158927,63.06969860402114,107.90969839306918,7005.653929258694
3.5104787792243406,48.71436351399735,60.58266241030325,4595.476888010601
2.5365288054252533,48.55159645962123,112.94520389076207,9662.781500756473
2.606146996076041,58.45988925582204,125.78144863839594,11624.255719624292
3.0412880435377625,53.8497234126175,99.43839623134227,10041.226212318203
0.9212369942215602,60.46305257948322,92.90971397354085,7382.330298766934
3.0378645413672416,58.30555764372132,172.8222908620813,9286.626715692477
3.357553498247249,51.84812579528908,149.8433673698645,2818.621991489758
2.2022406534409655,59.34881724942605,115.73172609326808,6933.210732427073
3.262803111596938,57.764390734279566,130.9534950080997,5369.2986506875595
1.8331695743537266,55.82424166233096,127.5157823037647,9650.886755442529
2.217681829196561,49.66630337505548,111.77939257114559,9078.464538691504
1.7630907432473806,52.31116385624305,118.98080886092318,11884.093079511298
2.640246205353137,66.11935996029064,125.06378879075088,12762.75971982527
3.116410345474542,60.05982831340622,104.01064760619028,16191.902358864465
2.6629499030865507,58.185068282481105,120.88193812285594,1643.5825642335806
2.8063602225605204,69.73888107919132,142.7419749344265,12012.375627389309
1.5571343164442395,54.652205201133924,141.4539245108583,7960.128065613728
2.890406480878096,59.53727689396455,123.82979647913932,4949.775109495287
3.4858801648173126,58.01111038685658,90.05626651529055,6020.023934704184
3.710677595594326,55.089353812669074,107.64083111238807,6178.050516027339
2.9278482439566336,58.88675124432386,107.05817055017008,5864.197802924845
3.170684604702714,58.26807500121226,113.24204336859346,9421.014593869319
0.3618582258214606,70.35456872510065,77.55778733745102,10501.453936089485
2.124048032875162,68.63872461806596,78.56455921856774,9458.416535589362
3.8588690940969834,45.699750134598766,140.83128391184914,7854.316850297113
2.323493087150845,63.71292240820516,70.9985721181481,3697.5798116229594
2.938967889939459,46.99095107011366,134.23848711361413,3477.3756961519416
2.1734262554931267,64.3535086859145,82.09310339204309,2952.0850012657265
1.4114421186775772,51.30724499788237,116.22511823690424,10204.840711490713
3.123658249009649,51.73844879751997,133.304413635894,5299.034174910369
1.9555666753915983,50.6476192023829,123.1551194084152,5339.427040909763
1.5040874400391517,65.47102215070947,70.1118295577209,12216.50553533673
2.056373965961023,56.576321909945776,91.77659113775412,7679.385308269572
2.603802265990898,50.45206097630765,104.95216761653425,4622.309477827001
2.7259083741679464,65.67330895660669,122.92986104668033,7251.416418801544
3.302773103089519,50.30549314039636,111.26338251233982,6845.541030957433
1.7902189250534262,59.46400756647842,110.28804212506398,11282.369033657138
2.357793783032246,48.8277724687902,124.32080838875564,7564.172192852068
2.1714112554230898,66.70634214431924,91.46990220971668,11043.849713842566
3.3342174786805088,53.87003982443802,107.48969696623146,1613.1439450203793
3.1909707423770746,41.08425136941537,116.17805893920892,4332.49183997863
1.7993819355288871,65.00201864778104,114.29291107874874,10713.885111182222
2.2900582890071126,65.70441335634662,131.05708394182534,6127.779306640676
2.7869643731657447,61.92268448514335,102.89480189153602,6943.3310589378
2.1059011538383663,53.21211476853487,97.30249572782891,7296.809555818313
2.897776098074577,65.88462698266254,155.69164471990172,7378.973935253206
3.1564237475882533,67.947657997098,104.33595484005812,7656.203249522422
2.786160413723352,70.98134747226806,138.50273056993186,8829.387619183237
1.8733550863824462,45.88713029247683,117.4386525403164,5832.898908606214
2.7142708040058743,46.79672452365821,111.249471797713,6530.400793144975
2.2756731022030907,57.40171522505908,100.43947037629621,6020.087470058006
3.3805863641553366,59.37572901362083,137.36727234035484,7666.555817665267
3.702085795191211,64.99071117508089,87.54451740300799,11198.423846248255
1.8361977176665634,47.51364862948532,104.95515617259984,6074.639840350069
4.083162121510525,51.63965664381587,142.4452933815547,10934.690498152488
2.518968669179009,45.889739611154354,88.77360257289399,10941.287371211582
3.068487086456978,59.635348637056566,115.8271807348456,9508.127754907811
2.3476918803063715,63.70483373325465,87.96695323720498,10556.085981015249
3.4127628948548008,67.18320890728785,141.28191736608153,7903.235757104856
1.9225260947155611,65.9018291772491,132.81390482894554,12698.376050159886
3.934918333675442,61.26075571194402,112.54635738459274,9013.24766486774
2.0489650804899897,52.600521336351036,142.2776338468592,10656.973598843399
2.63572376159123,54.92265871148651,104.66639633773208,7200.107557156166
3.1628552706839113,61.61705615672904,127.79523592376508,4487.1337304383205
1.3295894055797999,56.94825254671921,94.14289645006208,9542.421279767335
2.973485371891655,53.043335309068766,160.2376717513336,5404.857488213589
2.1173517798529975,51.97750566348402,86.49447968213998,7622.743738259543
2.7502613857544387,57.47037572938273,102.80147731008243,11852.55422415371
2.120190592497381,68.75300490140651,113.116723463407,7956.4684861195
2.322895350144401,53.34278507246996,142.12360233686317,9590.558769871779
2.323800119103402,61.54622010644606,118.78012717278231,7646.216117413026
2.6243094518514334,55.88996460305183,99.47735663097463,10869.481340042144
3.9155410641673902,57.43711389928188,139.86765426056365,7689.04947671869
1.828447190662044,55.58690581273312,107.91090677943804,4186.166052584836
3.442381985065465,59.912152950791764,109.4828708619165,5388.829050578289
3.2680955934668683,63.84428415027953,131.42033241092113,5780.618248574531
2.524911615532206,66.11046819962681,118.90783096788446,4388.401784873548
3.128058233247686,52.87877918613144,90.87840945071903,10460.56530562581
3.730041686995497,54.69495851101873,114.1754902981122,11436.401571404505
2.1008523334585094,58.913763889454394,127.91155916121716,8455.24976141036
2.2944953269997455,49.484487989513525,122.56968453773841,5146.218625115394
2.439020191163298,55.85606992691976,71.844458058245,9495.311435069032
2.3866402348214177,67.2209105291145,134.31508663349638,5581.760153467157
3.0383968365422467,39.312944784695425,105.76677853222095,4201.344663073177
3.497736863578215,59.36547774097387,113.74392102545495,10146.874348528032
3.1914221462630015,56.592477264729965,122.97937875077216,9934.80312711881
1.7541769574024801,57.46723037254867,121.608128638499,2607.9050132972934
2.4754602373921584,55.161483086279596,131.26786995486938,7854.038030622829
2.4669237870224356,59.614582835567596,107.7073825213946,6194.442111019014
1.7307340830531819,69.33590462530123,85.98281770267606,6762.854130145165
2.4631459205168285,64.37132570904812,156.32864657794912,6560.771735405468
2.9211762743635163,61.10275913142417,158.9822048869845,10037.273384395636
2.951877994912406,59.45165848923327,98.5391018073549,9746.36126897479
2.4420803683203034,66.81737983329498,160.4400038892257,10567.334629172832
0.2,56.26725829744717,135.82560584090066,2158.1603422245876
3.3476542078827216,46.62875510271538,99.74145834423986,7781.865616032785
1.386898106930881,58.51195043312472,122.18230666976285,9310.333079175873
2.9317629468916095,49.559680494614646,114.68754167412692,8603.676903898328
2.1073853349351053,56.75356277480553,143.56932309236748,5932.155398891649
2.0208184412636916,58.80130677626681,102.88528998152074,8430.21545902326
2.5268870516534068,56.792710585314374,133.97447834511263,6387.110219360072
2.5713105947124064,62.385604199066876,98.89071109919102,5963.455146372737
3.055356249228336,67.11531028351797,136.44659303902395,8237.3568151504
3.1139733173297612,59.59485298144688,108.67879264896705,13727.05403744862
1.4075187886538916,54.57437500132819,106.33960859009386,7322.753460528257
4.075801887974927,51.92919126714715,93.37231345742474,1413.5281145910153
1.9921275622732355,64.13944248849036,132.61104465228186,9881.892872421975
2.324405163868388,57.46667469887964,148.16772140961191,10512.362189088479
2.1988095489634043,56.325981799721056,125.18358276389823,10151.2901140878
3.6582028687304704,67.98455609927282,73.07189198380661,12482.904672151091
1.850618913212964,62.08047927220291,98.13051157677802,5860.146300912581
1.6126253899087124,48.36275497244536,101.57166508871695,5162.230836665157
4.159170256639222,62.80960337035473,144.5148220268672,9826.368217209527
2.9644174927407723,49.15805672405984,119.08177540710882,7852.829805931772
2.339560318506266,51.53370391138968,121.77155104878156,7804.699195906054
3.2545349916798156,56.79908397699907,156.87437384088975,9350.969788426079
2.278460608723479,51.84775829470274,111.71602802257603,6009.059281185111
2.9107939797526683,56.14677172618481,123.66646893400825,5388.42710044078
2.699314479769213,45.91910293223312,87.00527926188236,7662.3569258554135
1.7743983467787858,46.45476053924464,95.8680231934649,10836.59743512918
2.2970499069721826,53.52353094536378,122.92017040053072,1866.5963904781706
3.325624114065097,57.92255666700324,94.66278845324857,2903.976554866191
2.1932771992416593,60.62425624136192,147.57962290268236,7298.294557089899
2.7642406525726817,63.08689851532296,136.07997490373387,4511.9019887700115
4.529065290793166,58.62158769696784,144.46245406079768,14381.636347822983
3.347994910193154,60.34243379682049,153.032178123963,6692.419195274637
1.8476381330404286,61.9104888486346,119.12056412286209,11275.332503539586
1.8089609049985542,64.43875050433019,141.7902061335074,9880.672777433827
2.104074334381405,55.82102893823404,120.07008423518589,7940.0463823873915
2.211133288541721,58.58340407727574,90.14693931512149,6660.175784193649
1.9843781997069785,52.8517176455993,183.13887114485544,5327.699332967641
2.7904224960414523,63.2405717178666,97.39741822422059,11662.114549634003
3.35637308510243,54.29819729135877,145.6206652673691,0.0
2.6505872230488245,64.19340280468046,118.47030154177328,3275.474415870589
2.0427392574334275,72.19937441404291,149.65396208740225,3034.7954009887612
2.621621123548369,62.91113630802441,129.3272497491402,12148.395772673037
2.6380911083842773,52.13788626914786,93.863088584262,6567.921356479954
2.864050466978825,52.90469175296387,116.54879301487668,3947.4949659265144
3.2030667503348655,59.846050118558466,114.3211286091208,4187.998913659389
2.3548331551238344,52.6199114985571,161.40689399777966,12918.746534647342
1.6059513583299985,54.675979919740286,146.511713092771,8480.746798809665
2.7851189412305124,57.87660973674806,100.83632069248105,5837.518267501704
3.498454642694284,52.58042304277879,194.31435731581837,11233.108832588954
1.8656361383000257,54.83179227829507,172.30100937419826,5723.9308391524255
3.225368536410894,62.56307863283502,175.2340092547671,2426.122134717972
2.7604385856984734,70.04080267683686,130.80425106360565,6163.61784793462
3.0704049991392757,59.909299709990606,135.86123794566691,4628.486127800077
3.087229906774008,53.31209130701111,120.51652979206055,6662.15717906185
2.1094435821109028,67.11380523227291,123.9780060129097,10845.874325499117
3.745169044814321,62.280034049554466,141.30352237046392,12072.327609043985
1.3960625235392603,52.34414281872677,131.70443660746773,10796.970667285954
3.0102538697539765,56.55940288978488,101.79135802811508,4217.3301887798025
2.839760773667389,56.0937518914329,136.04988725417473,9325.69691622473
2.171154568236306,60.314494032977564,91.84506267280403,8062.88000739637
2.9087452884372946,55.406104622003326,120.47506349066076,2933.3251667090617
3.1598494379722664,54.147955846012316,91.76671180459327,1753.5855544610515
1.6845727621691968,69.52537854074191,113.98344790383685,14312.661243827326
2.357155042415421,57.47753874596487,157.25239061970638,5259.597675485429
2.850166287461269,68.00049850294212,98.9380611728385,6799.46805198072
1.893267271522885,52.36448207222372,150.6019794566344,5618.169225585692
2.5338764819314807,57.52563617873013,94.78724099332949,9540.283432618453
2.9786789744159883,64.55116500904361,140.94050708163078,11073.178752687047
2.1875420105913577,54.87647482963641,109.10085675822928,12677.109716412198
0.9347520185285485,69.80010643654178,147.48736879963548,7910.883978005865
3.1512785719718908,48.041401038644274,133.22849153302184,12364.297098886473
1.7001393045606261,53.8712401767414,106.32367967250865,10706.600613633876
1.853913384625638,68.06064235991433,90.20907934682435,13949.082359438671
1.695147714068461,61.50737654101683,106.3113217430087,4948.26963696933
2.9244621910627324,56.82039171737247,122.68776689858699,8674.671654904309
3.0011461946348548,52.787935436817705,102.56351909744508,8946.942844061521
2.0530031708258796,59.29933398173734,121.4378743703689,11584.255964275695
2.5848163983403856,56.40519491471968,77.92159472845717,10451.196673580696
2.8530587318146745,58.37428084097458,49.2615719695653,10562.918800556354
2.664552450050714,58.34027247320609,159.43350494637832,7478.207714741948
3.15086106676338,61.31884548822797,115.60314410185215,4616.156578080196
2.851070364419241,65.75770698810825,147.12239639202704,11230.972952683924
1.965422472072779,61.76625172921555,128.34976426820148,4246.265209245868
1.9216912984692558,60.45587196661899,135.71233688865956,3677.712718391234
2.8531165384366393,48.80031713350103,135.56484159014926,6572.616226483245
2.579404654169288,52.8538002436669,124.05923712207412,10160.309361965994
2.8528776240503637,53.4845637113994,108.69584684356107,7299.69645999835
2.846057049065114,49.99818828694052,125.79954172298544,5222.048279566245
2.731197624522068,53.18669003988781,140.02878617329307,8381.862938792166
2.7127067037007415,57.73518794480102,105.20197361821678,6408.327578972236
2.82861872080877,69.38794811916968,163.78591547136926,6428.861589598057
2.5902597320331346,56.62967145853874,85.90103763359204,7902.914473886776
3.5131557730445033,55.959850107105844,141.1740127796171,8507.320169663493
2.233644117128066,62.65329740353834,81.3306469439874,7118.631735468169
1.4168880399161519,58.97664293416772,107.3509872634947,7928.253598661971
2.220593589086766,58.93956507492352,141.16776802602564,12951.943532195313
2.914843968863501,53.9262939597496,141.12896700884943,8810.653673595141
3.512800031591096,53.916089712316385,93.67866932614935,9501.085647303013
3.1302381409206856,63.53889972310757,122.09307300748512,5057.982138809073
2.9277042366426596,63.06585064993465,67.76719890109557,7282.182043941789
3.5085102328273954,55.4296644201904,117.58179872850663,8879.508707425906
1.723493639588769,52.886081789491826,103.76385232897803,10573.957570663752
3.175035241249153,62.09378597269677,97.74807736021806,7721.889604642657
2.1674650687046797,58.36753476905241,73.48216084974626,8489.267378680708
1.9570676278040662,53.50916810979043,88.78486480565455,5079.184082269044
1.4951260178288543,54.084268340666235,151.76002531844136,6879.148463076171
2.2694488400567696,54.19683881323245,106.94701383083007,13473.734164792322
2.914416250350303,58.45353868142301,145.4330652808443,6985.713483129618
2.1196819875902384,52.776241971091274,117.46218528547993,6747.964014085563
2.7106578937316486,58.28957517778121,69.68930628467692,2343.76845975198
2.378589890541592,62.3022626075731,106.11924470820982,8933.42376046961
3.0125693363300408,52.14801200786912,117.21615849845544,6076.896945369855
2.3505870929121815,50.69701739272895,169.16292601644835,6232.895098094698
2.7344380452029027,55.0493306384215,129.8737021378944,11591.201623042618
3.28356896814685,50.483911414820035,131.4447629101212,6719.056699262296
1.6012583043071875,59.8921521283308,116.1050062082984,12903.652844676391
2.9551197548985693,57.518953611212076,132.46306143515739,2120.907638521522
3.263330030788513,55.86463278349656,132.85177661611624,11821.209177170778
1.024901178497786,60.78604516539417,101.76851115723984,5618.684466502711
2.8356808343704563,53.89663150297554,138.76250903212352,5121.3607160767115
2.4502644409674246,54.484943098111884,100.50503019274866,8364.055129439477
2.8664847333701067,45.06409601015396,99.98706178519953,9309.097693223604
2.6289281855430704,55.098730172181085,87.29901409782697,9860.03571385246
2.465604745921536,46.69635507698631,157.36276498915655,11356.904635942452
1.8739826745756363,54.72119909581888,88.27708080170326,9113.112270423351
1.7699961364963366,46.36073854132713,100.38552069365902,5120.042902152419
3.4093657627684424,52.80784235192118,152.24024553431613,1803.9692876087847
2.3306581813736984,60.03705682947821,126.75542373716821,12986.086011337646
2.896639946997343,65.3246091831357,111.14463177462802,7392.423330984654
2.1823702644585867,61.002929219383965,100.03469986715673,5852.378595085824
2.210242677392773,57.6392053882799,142.02692770497828,4458.420620709156
1.7451436551917048,43.581539819472574,99.76432793170989,9494.472781955117
2.061499240748186,48.62242219482215,117.66737121718279,5190.672186518186
2.8884821835898338,61.14173754186931,118.9055641843015,4520.098410659342
3.6454018016545326,50.18170731257681,117.25270914114351,5208.872698326006
3.46082766765749,58.74041446595541,91.5112906577827,6831.622629792496
2.811144663221265,63.41710420668156,91.31956706173405,8931.638707402937
3.350076838450554,56.82018930178408,107.67094338998464,9731.649315697452
1.8351249394123859,53.070882007982746,122.9447083028893,7233.991795908832
3.405618121862227,61.03447628887968,104.12413448450422,8321.250461700789
3.5744982198998487,63.34739790070235,107.43474204996414,9758.025934149686
2.4231179931265348,59.354592581214476,74.25376788892117,13210.518237837623
3.1487828290429305,56.60325765596905,108.82149630134008,9049.033336128728
2.7228849588855004,64.02218786239756,105.66971326564067,6175.8655289530425
2.254539353559458,59.604824216592185,110.57067641524044,8097.696688290107
2.878223813507247,50.445218674148315,78.32323646973204,8132.36813314226
1.6373583199630817,64.18636099125425,120.02944101642025,4339.245396086626
3.328870234186357,59.77853714657391,109.10801469579664,5690.748498785187
3.8170214779974687,58.776108302321795,182.9516965788994,8225.819033109075
3.3292878314489753,57.14603627692768,69.56842195320142,4519.423646112187
3.579470804826796,67.83377690814244,174.3989011862857,14230.342564700584
1.6133831384384307,62.6918705681437,135.1862581464209,12048.836972743511
2.346818233941403,68.49285426982796,89.26429110749793,7512.221408294355
2.0815273981310423,60.50069060690555,111.32316252708512,7304.614487419976
2.1433353255314813,70.03826796025507,82.14602054012052,7667.080848908206
3.0173709947435468,59.07924879905138,91.16209054989321,12204.312155771651
2.821746914678419,50.63262285925282,126.54903145689006,8112.629768033482
1.5930341457066932,48.70850667837294,107.82380334234303,7649.414157665084
2.6880111547653756,50.039009002442384,158.10290405337742,8851.120274237639
2.1637078762238535,54.34317493501342,104.46439465808288,7294.216929512386
3.620614478475871,57.364533261691335,164.48780064094933,6918.192129509902
1.4991446069199037,51.82010545749069,92.03442184353456,8367.94614422024
3.1633018520356484,61.783358906722206,105.12353626009373,12697.846794456344
1.2558751561529364,62.81546211089826,132.90419784922776,7437.672882905381
3.034712497478069,71.15620908337249,105.4534153911536,7226.967408813571
2.125073648890687,54.223038372005135,126.93932220915187,3085.753658467279
1.698146975375312,52.37286407009194,130.1065277446285,2576.7447201030336
0.9932030631267835,58.90272950427039,122.36332848249042,5741.825945910988
2.9718906803713,62.70880571395764,85.91931946414476,7091.24939219651
2.6343382296777182,53.21221746317429,136.937362314235,6076.044796501247
2.246603074256776,48.74794085292288,96.90668937085597,185.72246726012764
2.7751137135890214,70.29337020485187,113.85701508839584,4359.148668250635
3.5242526909572875,61.9952375706097,100.01292003220162,7969.186916696317
1.9269108180971612,67.46351297509148,124.66625759809048,10989.781918705394
3.8754079543298263,69.85990808519638,143.51177119655586,5842.53315159158
2.391691172739669,65.74793038558441,153.6716482361791,11137.296019306072
3.2035723292339378,62.93193955158788,113.06804123639027,5808.234055927492
3.088360413907772,59.40681719515183,99.428571538705,4759.610264976161
2.294192172081903,56.9363825919341,123.10728181558862,8228.707914525423
3.0459512649383282,54.46958998101695,139.95380806305775,9437.973439742289
4.612150336975892,53.080295538627254,93.8869708307975,10576.661057123458
1.2390145168101192,58.66847083088008,103.96942949811516,10662.31932400408
3.687389006858086,53.044976866716844,145.30937080081944,7997.6619291111465
2.6869479235131535,57.84939375166833,126.58899595719043,6387.12196549001
2.555421179720831,53.51298911673454,124.79337199105758,7121.5156037646475
2.134960536215969,58.8211951043049,124.0088865998485,4829.652941458213
2.9088404163008432,64.57181935003175,136.69938338856187,2844.4596107550337
4.242065651688467,56.0149675681551,168.5299160094605,6989.3823493598675
3.1047342650041134,40.52295907904529,138.64279056188164,7765.666209414572
2.2713170140734693,55.276886284670994,124.23746994795688,7914.563001094788
3.5503002508532324,59.08725806452994,117.72081305572779,15089.148834307009
2.2760934839493903,59.70640184299884,134.3836446831723,7232.7385609559915
2.2841598986007674,51.33259028701018,113.1961969204526,3398.898496379047
1.7811386645589953,61.27032637809997,115.01939437510991,6484.574110426205
2.6499719046805743,50.86714818699101,122.53093360153454,9863.970517531756
3.1642136690195257,62.080092853060734,98.1607824852372,7696.680277728606
2.5012841344208843,58.14480822747216,122.38849401060688,6880.83647365996
2.853751749433733,59.21860439977818,146.3504142967426,9653.145224336231
2.022665414244448,59.99495261710076,131.609009639018,11634.698090000467
4.194250367397124,50.72184962475854,99.81873388271494,3923.4330685877776
2.5288582092850005,56.388156317265036,126.53531312905082,8692.073246977827
1.8662425285659443,51.053967618273234,127.94196708693009,10933.52150094627
2.351296136209105,66.45714254531693,160.9885898267328,5680.508192067865
1.6638219309301963,56.70377017925283,117.3580122744702,5796.680938459252
2.227639650825906,58.50544421975278,94.4851131787167,4072.8119690892877
2.9322250726784427,54.86269066875477,111.38000064378032,6019.0305307429335
2.853479040294593,57.49387073584361,141.50550421136344,8034.133846258879
3.0994949499673936,56.50210040644254,113.730137951549,9070.014468619931
2.71747817880569,62.637003689602466,141.86088947378568,7355.407308949476
1.5367782391747233,64.38133447464409,78.56012136044012,5524.066609184659
2.932957057212108,59.40367200288688,76.45751470027041,2928.5122770961907
2.493362954923035,56.590520908318574,156.27295855397392,8342.542346222293
1.848103760248494,46.95769781522266,68.14356329919246,11611.57723364314
2.5552989906583647,67.08014006852942,153.16594597551978,5024.229552251271
1.703724238699799,56.06007714365752,134.23809761972817,4848.698240947255
2.33678099461518,71.09877212411224,128.88050659455212,6412.744164860757
2.339669496205655,49.637420072185755,163.27285011695807,920.7776140538022
2.4965597330701335,53.119525961853945,108.62295992231142,7605.407255665474
2.1266375608175276,67.1347611762039,122.64549370543041,9636.804925607057
2.7748497600910667,71.9689043475339,119.50302546813384,8860.463444834433
0.2,59.539839546479044,153.9071248431295,7517.116918505893
2.492494632624644,66.18635104750537,135.11346789391456,7535.957854261494
2.010350331712312,56.072967696398685,132.94670225690098,2566.671307554912
2.0052758310729,68.38685477182877,144.15618672517968,4843.810654830094
1.9560044780314623,55.20183754655434,138.27751519576609,3644.196286034378
2.6658086084326125,54.46014430493594,86.59782295415998,5049.809620847911
2.3646507456520642,58.61260415942424,128.86293141607305,10239.232965500581
2.7213589927340682,62.51180672871834,131.94201458508348,2958.060603722843
2.165699598783568,55.25925979580295,75.64634742667458,7274.673130289504
1.815214124742544,65.48550914211873,126.37625581303394,6918.638323985447
2.7454708177832448,59.804423218073964,133.84903926726713,7435.970624924192
2.6015481218013647,59.33897157582403,89.88174633408954,6021.786075832851
1.6962800198879344,52.54343463041801,141.31249269408912,10583.09189015493
2.22209524397644,62.39498896495705,98.85116653081585,5444.725986012485
2.7006405260393644,56.72138144266666,95.62301121120302,5914.595254007669
2.145979574467666,52.19694074531513,164.82937608448125,14425.484038616098
2.1706075059701804,48.34411948338374,103.67175593589904,17771.597224150293
2.0673902387455,57.86459462012377,107.45129737798244,8726.310457564206
2.993994594261704,59.277114318678464,137.89546081114915,5552.083967925658
2.2192295947488723,62.62644318905849,134.8318514962761,5762.893035196006
2.4699582289298903,55.85264515432404,153.92470041955684,12869.163169713944
2.849579749094282,62.92109943264857,148.0629523751117,12274.346008867413
3.1082656522634355,58.71430193340178,84.71083557873317,9954.674509404811
1.9548562528515323,60.01986596765379,135.08332226718923,13363.105350339094
2.384205294721481,59.0957798025639,157.3079506225345,9883.328270140759
2.3335917249107383,56.27083087941721,146.74070346683808,4106.5064623258295
2.082079236535471,54.096314892750975,136.94387201872368,7741.26758857685
3.505025135135664,55.11352550237681,130.0840595787057,13246.336423048318
2.591926856819389,51.89284224113874,118.24029394909398,13703.829738870325
2.1368081995726755,51.02758582183237,121.02179494216492,10332.915041613496
2.596502708806383,57.90936406162768,135.35025146661516,5278.605392905892
3.4318295038174815,67.38065750414721,77.31100088389307,8715.57838459029
1.9752039398053503,67.00761903033926,135.90691151740663,9130.393554607423
2.2986416208651907,42.95720837811477,131.39235383898088,6076.5438464596045
2.1168156106710505,69.14466472796771,116.30789176911145,4804.810379439318
2.898273336294198,50.70967761229649,74.59472669450443,10479.804029183868
2.508438150903902,56.65990173561074,137.86103499185572,11923.080851715102
2.547008931645424,65.3976676012585,167.94636255676912,9228.654102397331
2.782945591927027,68.26271209914754,148.93567896850197,6658.964612317114
2.5470990126031183,56.625181518956516,119.94479809868056,8935.109772735532
2.808834671545706,60.050492411390806,117.1028055267736,6637.178737890313
2.342818180435331,69.15204477481714,148.33200587016057,5330.450684359048
3.384102327289872,51.014685290459894,94.91698503822231,3858.417277231275
2.3577151073787785,52.74322290157594,82.48633479623099,6762.849885825571
3.4026388772566536,53.630887346510455,88.76120910124182,7740.381829864366
3.3607815493378546,65.86759252530422,114.67828052163136,10880.596783353127
3.3297593586098744,55.2550184219762,154.55100801486986,8324.06296310151
1.7255861438268667,54.61379886607114,132.9123816852279,4554.754517609239
2.795184344162021,67.56487278051854,103.09398389696257,10199.576525857887
3.3419293095194704,69.07229177550015,90.88583431857839,5989.795607538103
2.4849937851622967,52.54990779686747,97.67435620089996,4853.843759989826
2.090263480795326,62.239979513935985,153.2925935643598,11421.401914508902
3.4764587570653718,58.690279067578444,107.16869565910126,6622.571328647255
3.998937029190211,47.57007340659416,106.01138295632569,13416.947570000766
1.8929550088069649,59.20817315538368,102.34236754825825,15214.98470659892
3.5523123417396802,54.91965500532098,72.53042181565826,4466.447150008153
2.026938103935009,64.6893985731436,122.81301397118595,5743.552764598056
2.3913791352962455,51.63337937098821,100.03843320473311,6920.693576009983
3.3143191199701603,66.12448829503136,183.97216608627113,6472.221045213132
2.8502269862182903,57.26648150824798,107.6537853635539,10125.774249930126
1.5687998477340626,49.7969631153671,152.14196479846478,11080.421914280489
1.7251569927893444,57.99775508853488,148.0198909697059,12172.490543816471
1.5431592408749912,57.63359946765254,106.92699572867164,8814.670902559244
